{"train/loss": 0.0185, "train/learning_rate": 4.908813728906052e-06, "train/epoch": 10.0, "train/global_step": 2820, "_timestamp": 1684778383.8158212, "_runtime": 340.7353482246399, "_step": 21, "eval/loss": 0.04809193313121796, "eval/precision": 0.8984771573604061, "eval/recall": 0.9567567567567568, "eval/f1": 0.9267015706806282, "eval/accuracy": 0.9891918051298596, "eval/runtime": 0.7158, "eval/samples_per_second": 44.707, "eval/steps_per_second": 44.707, "train/train_runtime": 340.0865, "train/train_samples_per_second": 8.292, "train/train_steps_per_second": 8.292, "train/total_flos": 361253992373340.0, "train/train_loss": 0.09559650032232839, "_wandb": {"runtime": 337}}