{"train/loss": 0.0329, "train/learning_rate": 4.908813728906052e-06, "train/epoch": 10.0, "train/global_step": 2820, "_timestamp": 1684779055.5778458, "_runtime": 188.20067071914673, "_step": 21, "eval/loss": 0.0846555307507515, "eval/precision": 0.796875, "eval/recall": 0.827027027027027, "eval/f1": 0.8116710875331564, "eval/accuracy": 0.9790288756251008, "eval/runtime": 0.4958, "eval/samples_per_second": 64.542, "eval/steps_per_second": 64.542, "train/train_runtime": 187.8118, "train/train_samples_per_second": 15.015, "train/train_steps_per_second": 15.015, "train/total_flos": 201844112204460.0, "train/train_loss": 0.17229258354673993, "_wandb": {"runtime": 185}}