{"eval/loss": 0.5656413435935974, "eval/runtime": 2.5605, "eval/samples_per_second": 199.178, "eval/steps_per_second": 12.497, "train/epoch": 10.0, "train/global_step": 1530, "_timestamp": 1684717429.9111283, "_runtime": 24176.979914188385, "_step": 41, "train/loss": 0.1503, "train/learning_rate": 3.921568627450981e-07, "train/train_runtime": 449.707, "train/train_samples_per_second": 54.124, "train/train_steps_per_second": 3.402, "train/total_flos": 4769972294215680.0, "train/train_loss": 0.33472926071266723}