{"train/loss": 0.0237, "train/learning_rate": 4.908813728906052e-06, "train/epoch": 10.0, "train/global_step": 2820, "_timestamp": 1684778570.480674, "_runtime": 176.00492691993713, "_step": 21, "eval/loss": 0.05107549577951431, "eval/precision": 0.8795811518324608, "eval/recall": 0.9081081081081082, "eval/f1": 0.8936170212765958, "eval/accuracy": 0.9864494273269883, "eval/runtime": 0.4221, "eval/samples_per_second": 75.812, "eval/steps_per_second": 75.812, "train/train_runtime": 175.6847, "train/train_samples_per_second": 16.051, "train/train_steps_per_second": 16.051, "train/total_flos": 161720796883140.0, "train/train_loss": 0.14908039164035877, "_wandb": {"runtime": 172}}