{"eval/loss": 1.9266600608825684, "eval/precision": 0.0, "eval/recall": 0.0, "eval/f1": 0.0, "eval/accuracy": 0.11055677509479146, "eval/runtime": 3.6378, "eval/samples_per_second": 7.147, "eval/steps_per_second": 1.924, "train/global_step": 0, "_timestamp": 1684740938.739813, "_runtime": 3.171154022216797, "_step": 0, "_wandb": {"runtime": 0}}